{
    "RMSE": {
        "x1": 7.402697262337053,
        "y1": 7.573178153440602,
        "vx1": 1.9248106950098094,
        "vy1": 1.8850160738717543,
        "x2": 7.2957668729144585,
        "y2": 7.697971810094765,
        "vx2": 2.003277120304039,
        "vy2": 1.8873029795507381
    },
    "R2": {
        "x1": 0.5095743133749795,
        "y1": 0.43659051955948347,
        "vx1": 0.35092118455000243,
        "vy1": 0.3511375400014801,
        "x2": 0.4935804786642177,
        "y2": 0.4375236833187124,
        "vx2": 0.31270030055732667,
        "vy2": 0.2793566609624437
    }
}