{
    "RMSE": {
        "x1": 7.520364198996408,
        "y1": 7.443589738710899,
        "vx1": 2.004531257231541,
        "vy1": 1.9764260105457383,
        "x2": 7.295701253128608,
        "y2": 7.786486721093389,
        "vx2": 2.059020372805933,
        "vy2": 1.9497569226101585
    },
    "R2": {
        "x1": 0.49385962014401874,
        "y1": 0.45570712856724316,
        "vx1": 0.2960415305085442,
        "vy1": 0.2866812123892464,
        "x2": 0.4935895839728729,
        "y2": 0.42451407947806596,
        "vx2": 0.27391849589418815,
        "vy2": 0.23087296837996696
    }
}