{
  "train_loss": [
    40.159318923950195,
    39.1336030960083,
    38.12284755706787,
    37.38754081726074,
    36.82935428619385,
    36.362420082092285,
    35.97713375091553,
    35.635863304138184,
    35.3221321105957,
    35.058688163757324,
    34.82614803314209,
    34.57339954376221,
    34.36626625061035,
    34.166521072387695,
    34.01518440246582,
    33.864837646484375,
    33.73463726043701,
    33.56706523895264,
    33.41298580169678,
    33.30935764312744
  ],
  "val_loss": [
    49.98281478881836,
    49.91083526611328,
    49.358360290527344,
    47.8601188659668,
    45.362911224365234,
    43.03977584838867,
    41.38359832763672,
    40.68619918823242,
    40.036476135253906,
    40.229026794433594,
    39.87752151489258,
    40.073795318603516,
    39.551734924316406,
    39.669830322265625,
    39.89129638671875,
    39.32209396362305,
    39.541748046875,
    39.34058380126953,
    39.613067626953125,
    39.478511810302734
  ],
  "val_eff_rank": [
    124.60212707519531,
    131.7034454345703,
    134.34814453125,
    135.38131713867188,
    137.48611450195312,
    142.14988708496094,
    145.04998779296875,
    146.9232177734375,
    148.9801788330078,
    150.46937561035156,
    152.28793334960938,
    152.3572235107422,
    154.885986328125,
    155.01536560058594,
    155.92825317382812,
    158.04994201660156,
    158.22035217285156,
    159.40184020996094,
    158.97190856933594,
    159.98712158203125
  ]
}