{
  "train_loss": [
    39.69088268280029,
    38.66678333282471,
    37.66826915740967,
    36.93070316314697,
    36.37149620056152,
    35.904303550720215,
    35.51043701171875,
    35.16647720336914,
    34.84468460083008,
    34.58318614959717,
    34.33319282531738,
    34.08383083343506,
    33.868438720703125,
    33.6930570602417,
    33.546640396118164,
    33.38628387451172,
    33.268399238586426,
    33.11620807647705,
    32.96038341522217,
    32.84368133544922,
    32.72971820831299,
    32.64724540710449,
    32.50640678405762,
    32.44556140899658,
    32.334086418151855,
    32.22894287109375,
    32.14445209503174,
    32.074249267578125,
    31.97692108154297,
    31.929301261901855
  ],
  "val_loss": [
    49.51815414428711,
    49.449649810791016,
    48.943382263183594,
    47.569149017333984,
    45.221370697021484,
    42.97499465942383,
    41.28543472290039,
    40.34751510620117,
    39.72346878051758,
    39.48615264892578,
    39.329002380371094,
    39.325164794921875,
    38.90213394165039,
    39.026611328125,
    38.685298919677734,
    38.586997985839844,
    38.35000228881836,
    38.23173904418945,
    38.2623176574707,
    38.149871826171875,
    37.946807861328125,
    37.7963752746582,
    37.780155181884766,
    37.71329116821289,
    37.520103454589844,
    37.315223693847656,
    37.508766174316406,
    37.4555778503418,
    37.37739944458008,
    37.32749938964844
  ],
  "val_eff_rank": [
    125.3359146118164,
    131.99874877929688,
    133.76446533203125,
    133.98060607910156,
    135.0040740966797,
    139.49913024902344,
    141.37864685058594,
    142.55613708496094,
    144.0357208251953,
    145.95777893066406,
    146.8307647705078,
    146.64744567871094,
    148.53854370117188,
    148.7342987060547,
    149.61248779296875,
    150.8284912109375,
    150.43350219726562,
    151.64468383789062,
    151.43563842773438,
    153.09231567382812,
    153.05706787109375,
    153.28260803222656,
    153.87417602539062,
    153.8915557861328,
    154.73031616210938,
    155.03799438476562,
    155.13656616210938,
    155.602783203125,
    155.66920471191406,
    155.94871520996094
  ]
}