{
    "RMSE": {
        "x1": 0.6412235813015563,
        "y1": 0.6950583046874947,
        "vx1": 0.15126262868225257,
        "vy1": 0.08287062528173487,
        "x2": 0.7168856781461085,
        "y2": 0.7209458188030479,
        "vx2": 0.12551239909990608,
        "vy2": 0.08706000483542578
    },
    "R2": {
        "x1": 0.9963203014901079,
        "y1": 0.9952541908223863,
        "vx1": 0.9959914743540117,
        "vy1": 0.9987459243890399,
        "x2": 0.9951104557850393,
        "y2": 0.9950664802574742,
        "vx2": 0.9973020285352542,
        "vy2": 0.9984665326339619
    }
}