{
    "RMSE": {
        "x1": 1.0271919631512882,
        "y1": 1.0849289636166786,
        "vx1": 0.4024607108766321,
        "vy1": 0.1669322625773609,
        "x2": 1.0522436013601573,
        "y2": 1.0880134006439324,
        "vx2": 0.4361212496969366,
        "vy2": 0.18749215189085705
    },
    "R2": {
        "x1": 0.9905572930891333,
        "y1": 0.9884370031572017,
        "vx1": 0.9716228773501177,
        "vy1": 0.9949113444760403,
        "x2": 0.989465809716981,
        "y2": 0.9887637838594985,
        "vx2": 0.9674254383314965,
        "vy2": 0.9928878099904008
    }
}