{
    "RMSE": {
        "x1": 5.753142783382517,
        "y1": 5.718895081727811,
        "vx1": 1.5720100905989975,
        "vy1": 1.4513285207083069,
        "x2": 5.632636248705351,
        "y2": 5.9216324648346745,
        "vx2": 1.6824472156650696,
        "vy2": 1.4453945652113322
    },
    "R2": {
        "x1": 0.703787390560111,
        "y1": 0.6787137999371831,
        "vx1": 0.5670556654325465,
        "vy1": 0.6153604123328944,
        "x2": 0.6981494482182955,
        "y2": 0.667160779793893,
        "vx2": 0.5152174328894155,
        "vy2": 0.5773217129857964
    }
}